cohort,n_tumor,n_non_tumor,total_n,tumor_non_tumor_delta,AUC,AUC_CI_low,AUC_CI_high,p_value,FDR
GSE14520,225,220,445,3.007498311572094,0.9906464646464648,0.9824574008749172,0.9988355284180122,1.0563319505281279e-187,1.1091485480545342e-186
GSE25097,268,289,557,2.7086847189915013,0.9980116717450808,0.995874602666718,1,4.436413158182497e-212,9.316467632183242e-211
GSE76427,115,52,167,2.4748605774458134,0.975752508361204,0.9522907118465068,0.9992143048759012,9.317418500431477e-42,1.9566578850906108e-41
GSE36376,240,193,433,2.571846547435946,0.9933721934369604,0.9852135450968724,1,2.431034206336495e-168,1.27629295832666e-167
GSE57957,39,39,78,2.3713503703261867,0.9401709401709402,0.8726484683160558,1,1.4418284273546497e-19,1.5935998407604021e-19
GSE45267,46,41,87,3.1047681281378,0.9612937433722164,0.914076587740412,1,2.1162470519811387e-25,2.962745872773594e-25
GSE112790,183,15,198,4.090666683716438,0.9959927140255008,0.989589309779294,1,1.3873076802934922e-23,1.8208413303852086e-23
